100 sideways miles by andrew smith,,Young Adult; Humor; Travel; Contemporary; Fiction; Romance; Realistic Fiction
100 sideways miles by andrew smith,,Young Adult; Humor; Travel; Contemporary; Fiction; Romance; Realistic Fiction
100 sideways miles by andrew smith,,Young Adult; Humor; Travel; Contemporary; Fiction; Romance; Realistic Fiction
100 sideways miles by andrew smith,,Young Adult; Humor; Travel; Contemporary; Fiction; Romance; Realistic Fiction
100 sideways miles by andrew smith,,Young Adult; Humor; Travel; Contemporary; Fiction; Romance; Realistic Fiction
1775 by kevin phillips,,North American Hi...; Nonfiction; History
1775 by kevin phillips,,North American Hi...; Nonfiction; History
360 sound the columbia records story by sean wilentz,,Music; Nonfiction; History
a bad character by deepti kapoor,,Literary Fiction; Cultural; Young Adult; Contemporary; Fiction
a brief history of seven killings by marlon james review,Fiction,Literary Fiction; Mystery; Fiction
a burnable book by bruce holsinger,,Mystery; Historical Fiction; European Literature; Historical; Fiction; Thriller
a chosen exile by allyson hobbs,,North American Hi...; Cultural; Race; Nonfiction; History
a clash by night,,Romance; Cultural; War; Historical
a constellation of vital phenomena by anthony marra,,Historical Fiction; Fiction; Literary Fiction; Cultural; Historical; War
a country called childhood by jay griffiths,,Environment; Parenting; Philosophy; Education; Nonfiction
a creature of moonlight by rebecca hahn,,Fantasy; Young Adult; Fiction
a cure for suicide by jesse ball,,Literary Fiction; Science Fiction; Fiction
a deadly wandering by matt richtel,Non-fiction,Mystery; Sociology; Psychology; Science; Crime; Nonfiction
a delicate truth by john le carre,No Genre found,Spy Thriller; Mystery; Thriller; Fiction
a dreadful deceit by jacqueline jones,,Politics; Cultural; Race; Nonfiction; History
a fighting chance by elizabeth warren,No Genre found,
a foreign country by charles cumming,,Spy Thriller; Mystery; Thriller; Fiction
a fort of nine towers by qais akbar omar,No Genre found,Autobiography; Nonfiction; War
a free man by aman sethi,Realism,Autobiography; Biography Memoir; Asian Literature; Writing; Cultural; Nonfiction; Biography; Social Movements
a girl is a half formed thing by eimear mcbride,No Genre found,Literary Fiction; European Literature; Contemporary; Fiction
a girl is a half formed thing by eimear mcbride,No Genre found,Literary Fiction; European Literature; Contemporary; Fiction
a grand complication by stacy perman,,Nonfiction; Business; History
a guide to being born by ramona ausubel,,Magical Realism; Fantasy; Short Stories; Fiction
a hand reached down to guide me by david gates,No Genre found,Literature; Short Stories; Contemporary; Fiction
a hanging at cinder bottom by glenn taylor,,Adult Fiction; Literature; Historical; Historical Fiction; Fiction
a higher form of killing by diana preston,No Genre found,War; Nonfiction; History
a highly unlikely scenario by rachel cantor,,Humor; Speculative Fiction; Fantasy; Science Fiction Fantasy; Fiction; Science Fiction; Adult
a hologram for the king by dave eggers,,Fiction
a kosher christmas by joshua eli plaut,,Holiday; Religion; Sociology; Nonfiction; History
a lady cyclists guide to kashgar by suzanne joinson,,Cultural; Travel; Historical; Historical Fiction; Fiction
a lady of good family by jeanne mackin,Literary fiction, non-fiction,Romance; Historical Fiction; Fiction
a line by line safari,,
a man came out of a door in the mountain by adrianne harun,,Mystery; Horror; Magical Realism; Fiction; Literary Fiction; Fantasy
a manual for cleaning women by lucia berlin,,Short Stories; Fiction
a map of betrayal by ha jin,Poetry; Short story; Novel; Essay,
a map of tulsa by benjamin lytal,,Romance; Young Adult; Contemporary; Fiction; Literary Fiction; Realistic Fiction
a marker to measure drift by alexander maksik,,Literary Fiction; Cultural; Contemporary; Fiction
a matter of rats by amitava kumar,,Autobiography; Travel; Cultural; Nonfiction; Biography; History
a million heavens by john brandon,Fiction,Literary Fiction; Literature; Fiction
a million heavens by john brandon,Fiction,Literary Fiction; Literature; Fiction
a million heavens by john brandon,Fiction,Literary Fiction; Literature; Fiction
a pimps notes by giorgio