1984,George Orwell,The Dangers of Totalitarianism;)Psychological Manipulation;)Physical Control;)Control of Information and History;)Technology;)Language as Mind Control
2001: A Space Odyssey,Arthur C. Clarke,The Perils of Technology;)Evolution;)Space Exploration
A&P,John Updike,The Power of Desire;)The Mystery of Other Minds;)Girl-Watching;)Brand Names;)Bathing Suits;)Herring Snacks
Across Five Aprils,Irene Hunt,The Capriciousness of Public Opinion;)The Power of the Presidency;)The Importance of Redemption and Forgiveness
Adam Bede,George Eliot,Inner vs. Outer Beauty;)The Value of Hard Work;)Love as a Transformative Force;)The Consequences of Bad Behavior
The Adventures of Huckleberry Finn,Mark Twain,Racism and Slavery;)Intellectual and Moral Education;)The Hypocrisy of “Civilized” Society;)Childhood;)Lies and Cons;)Superstitions and Folk Beliefs;)Parodies of Popular Romance Novels;)The Mississippi River
The Adventures of Tom Sawyer,Mark Twain,Moral and Social Maturation ;)Society’s Hypocrisy ;)Freedom through Social Exclusion ;)Superstition in an Uncertain World 
The Aeneid,Virgil,The Primacy of Fate ;)The Sufferings of Wanderers ;)The Glory of Rome 
The Alchemist,Paulo Coelho,The Centrality of Personal Legends;)The Unity of Nature;)The Danger of Fear
Alice’s Adventures in Wonderland,Lewis Carroll,The Tragic and Inevitable Loss of Childhood Innocence;)Life as a Meaningless Puzzle;)Death as a Constant and Underlying Menace
All But My Life,Gerda Weissmann Klein,The Sustaining Power of Hope;)The Importance of Bearing Witness;)Morality Is a Choice
All Quiet on the Western Front,Erich Maria Remarque,The Horror of War;)The Effect of War on the Soldier;)Nationalism and Political Power
The Ambassadors,Henry James,The Importance of Place;)The Lived vs. Unlived Life;)The American Abroad
The American,Henry James,The Role of Misperception in the Cultural Divide between Europe and America;)Personal Happiness vs. Familial Duty;)The Depth and Force of Cultural Difference
American Dream,Edward Albee,The American Dream;)Language and Violence;)Emasculation;)Disfiguration and Deformity;)Old People and Grandma's epigrams;)Defense;)The boxes
And Then There Were None,Agatha Christie,The Administration of Justice ;)The Effects of Guilt on One’s Conscience ;)The Danger of Reliance on Class Distinctions 
Angela’s Ashes,Frank McCourt,The Limitations Imposed by Class ;)Hunger ;)Anti-English Sentiment ;)Stories, Songs, and Folktales ;)Guilt ;)The River Shannon ;)Ashes ;)Eggs 
Angels in America,Tony Kushner,Community;)Identity: ethnicity, race, homosexuality;)Stasis versus change
Animal Dreams,Barbara Kingsolver,The Importance of Ecology;)The Value of Fertility;)Family and Community
Animal Farm,George Orwell,The Corruption of Socialist Ideals in the 
Soviet Union;)The Societal Tendency Toward Class Stratification;)The Danger of a Naïve Working Class;)The Abuse of Language as Instrumental to the Abuse
of Power
Anna Karenina,Leo Tolstoy,Social Change in Nineteenth-Century Russia;)The Blessings of Family Life;)The Philosophical Value of Farming
Anne of Green Gables,L. M. Montgomery,The Conflict Between Imagination and Social Expectations ;)Sentimentality versus Emotion 
Annie John,Jamaica Kincaid,Mother-Daughter Relationships;)Colonizers and Colonial Education;)Gender Relations
Anthem,Ayn Rand,The Primacy of the Individual;)The Value of Martyrdom;)The Impotence of the Collective;)Original Creation as a Component of Identity
The Oedipus Plays,Sophocles,The Power of Unwritten Law;)The Willingness to Ignore the Truth;)The Limits of Free Will
Antigone,Jean Anouilh,The Nature of Tragedy;)The Sisters' Rivalry
Antony and Cleopatra,William Shakespeare,The Struggle Between Reason and Emotion ;)The Clash of East and West ;)The Definition of Honor ;)Extravagant Declarations of Love ;)Public Displays of Affection ;)Female Sexuality ;)Shape-Changing Clouds ;)Cleopatra’s Fleeing Ships ;)The Asps 
Arcadia,Tom Stoppard,Emotion versus Intellect;)The Mystery of Sex;)The Path of Knowledge
Arrowsmith,Sinclair Lewis,The Corruption Within American Medicine;)The Plight of the Scientist;)The Salvation Found in Retreat
As I Lay Dying,William Faulkner,The Impermanence of Existence and Identity ;)The Tension Between Words and Thoughts ;)The Relationship Between 
Childbearing and Death 
The Assistant,Bernard Malamud,Father and Son Relationships;)Transcendence of One's Self;)Struggle for the American Dream
As You Like It,William Shakespeare,The Delights of Love ;)The Malleability of the Human Experience ;)City Life Versus Country Life 
Atlas Shrugged,Ayn Rand,The Importance of the Mind;)The Evils of Collectivism;)The Need to Integrate Mind and Body
The Autobiography of Malcolm X,Malcolm X & Alex Haley,Malcolm’s Changing Perspective on Racism;)The Similarity Between Hustling and Activism;)Humanity as a Basic Right
The Autobiography of Miss Jane Pittman,Ernest J. Gaines,The Legacy of Slavery;)Manhood;)Class Differences Inside Race
The Awakening,Kate Chopin,Solitude as the Consequence of Independence;)The Implications of Self-Expression
Babylon Revisited,F. Scott Fitzgerald,The Inescapability of the Past;)The Purity of Paternal Love;)The Outdoors;)The Ritz Bar
The Bacchae,Euripides,The Balance between Control and Freedom in a Healthy Society or Mind;)The Nature of Theater;)Duality
Barn Burning,William Faulkner,Loyalty to Family versus Loyalty to the Law;)The Search for Peace;)Darkness;)The Word Ravening
;)Fire;)The Soiled Rug
The Bean Trees,Barbara Kingsolver,The Shared Burden of Womanhood ;)The Plight of Illegal Immigrants ;)Respect for the Environment 
Bel Canto,Ann Patchett,Passion in the Face of Death;)The Strangeness of Fate;)The Basic Human Impulse Toward Civilization
The Bell Jar,Sylvia Plath,Growth Through Pain and Rebirth ;)The Emptiness of Conventional Expectations ;)The Restricted Role of Women in 1950s America ;)The Perils of Psychiatric Medicine 
Beloved,Toni Morrison,Slavery’s Destruction of Identity;)The Importance of Community Solidarity;)The Powers and Limits of Language
Beowulf,,The Importance of Establishing Identity;)Tensions Between the Heroic Code and 
Other Value Systems;)The Difference Between a Good Warrior and a Good King 
Bible: The New Testament,,The New Testament’s Relation to the Old Testament;)Salvation for Social Outcasts ;)Salvation Through Faith in Christ
Bible: The Old Testament,,The Problem of Evil ;)The Possibility of Redemption ;)The Virtue of Faith 
The Big Sleep,Raymond Chandler,The Cynicism of 1930s America;)The Corruption of American Society
Billy Budd, Sailor,Herman Melville,The Individual Versus Society ;)Conscience Versus Law ;)The Vulnerability of Innocence 
Bird by Bird,Anne Lamott,Writing vs. Publishing;)The Importance
of Faith to Creativity;)The Creation of Community;)Memories;)Illness and Dying;)Opposites;)Small Things;)Photographs ;)Church
The Birthmark,Nathaniel Hawthorne,The Foolishness of Striving for Perfection;)Science versus Nature;)Red and White;)The Birthmark
Black Boy,Richard Wright,The Insidious Effects of Racism ;)The Individual Versus Society ;)The Redemptive Power of Art 
The Black Prince,Iris Murdoch,Art as a Vehicle for Truth;)Eros's Facilitation of Expression;)The Randomness of Life
Bleak House,Charles Dickens,The Search for Love;)The Importance and Danger of Passion;)The Ambiguous Definition of “Mother”
Bless the Beasts and Children,Glendon Swarthout,Society's Treatment of the Powerless;)The Definition of a Man;)Heroism
Bless Me, Ultima,Rudolfo A. Anaya,The Importance of Moral Independence ;)The Influence of Culture on Identity 
The Bluest Eye,Toni Morrison,Whiteness as the Standard of Beauty ;)Seeing versus Being Seen ;)The Power of Stories ;)Sexual Initiation and Abuse ;)Satisfying Appetites versus Suppressing Them ;)The Dick-and-Jane Narrative ;)The Seasons and Nature ;)Whiteness and Color ;)Eyes and Vision ;)Dirtiness and Cleanliness ;)The House ;)Bluest Eye(s) ;)The Marigolds 
The Book of the City of Ladies,Christine de Pizan,Misrepresentation vs. Truth;)Physical vs. Spiritual;)Writing As Repossession;)The Universality of Human Experience
The Book of Margery Kempe,Margery Kempe,The Importance of Suffering for Christ’s Sake;)Margery Is Vindicated;)Desire for God As Life Purpose
The Book Thief,Markus Zusak,The Power of Words;)The Kindness and Cruelty of Humans;)The Dualities of Nazi-era Germany;)The Responsibility of the Living to the Dead
A Border Passage,Leila Ahmed,The Existence of Two Islams;)The Richness of Cultural Pluralism;)The Politics of Language;)The Prevalence of Colonial Consciousness
Brave New World,Aldous Huxley,The Use of Technology to Control Society;)The Consumer Society;)The Incompatibility of Happiness and Truth;)The Dangers of an All-Powerful State
Bread Givers,Anzia Yezierska,The Hazards of Dependence;)The Conflict Between Independence and Family Obligations;)The Elusiveness of Happiness
Breath, Eyes, Memory,Edwidge Danticat,The Burden of Inheritance;)Myth and Parable as Mediators of Pain and Violence;)The Male World's Debilitating Obsession with Female Purity
Bridge to Terabithia,Katherine Paterson,Friendship;)Childhood;)Conformity and individuality;)Gender Roles;)Education;)Terabithia;)The rope over the creek and the bridge to Terabithia
Brokeback Mountain,Annie Proulx,The Overwhelming Natural Forces of Desire and Love;)The Endless Shifting of the World;)Home and Leaving Home;)Brokeback Mountain;)The Plains of Wyoming
The Brothers Karamazov,Fyodor Dostoevsky,The Conflict Between Faith and Doubt ;)The Burden of Free Will;)The Pervasiveness of Moral Responsibility ;)Crime and Justice ;)Redemption Through Suffering;)The Profound Gesture;)Characters as Symbols;)Zosima’s Corpse
The Caine Mutiny,Herman Wouk,The Maturation of Willie Keith;)The Conflict Between Regular and Reserve Navies;)A War of Perspectives
The Call of the Wild,Jack London,The Indispensable Struggle for Mastery;)The Power of Ancestral Memory and Primitive Instincts ;)The Laws of Civilization and of Wilderness ;)The Membership of the Individual in the Group
Candide,Voltaire,The Folly of Optimism ;)The Uselessness of Philosophical Speculation ;)The Hypocrisy of Religion ;)The Corrupting Power of Money ;)Resurrection ;)Rape and Sexual Exploitation ;)Political and Religious Oppression ;)Pangloss ;)The Garden ;)The Lisbon Earthquake 
The Canterbury Tales,Geoffrey Chaucer,The Pervasiveness of Courtly Love;)The Importance of Company;)The Corruption of the Church
Catch-22,Joseph Heller,The Absolute Power of Bureaucracy;)Loss of Religious Faith;)The Impotence of Language;)The Inevitability of Death
The Catcher in the Rye,J. D. Salinger,Alienation as a Form of Self-Protection;)The Painfulness of Growing Up;)The Phoniness of the Adult World
Catching Fire,Suzanne Collins,The Duplicity and Power of Appearances;)The Struggle for Control;)The Ignorance of the Privileged
Cat on a Hot Tin Roof,Tennessee Williams,Manliness and Homosexuality;)The Lie;)The Cat on a Hot Tin Roof;)The Father and Son;)The Children;)The Off-Stage Telephone;)The Exotic Lands
Cathedral,Raymond Carver,The Difference between Looking and Seeing;)Art as Insight;)Drinking;)The Cathedral;)Audiotapes
Ceremony,Leslie Marmon Silko,The Importance of Storytelling;)The Destructiveness of Contact Between Cultures;)The Necessity of Tradition;)The Constant Threat of Drought
The Chairs,Eugène Ionesco,The repetitive present and inaccessible past;)Responsibility and a meaningful life
Changes: A Love Story,Ama Ata Aidoo,Modern vs. Traditional;)The Ripple effect of Changes;)The Power of Education
Charlie and the Chocolate Factory,Roald Dahl,Good Things Come in Small Packages;)Poverty vs. Wealth;)What Goes Around Comes Around
Chekhov Stories,Anton Chekhov,Death and Disease;)Disillusionment and Failed Ideals;)The Breakdown of Aristocratic Society
The Cherry Orchard,Anton Chekhov,The Struggle Over Memory;)Modernity Vs. the Old Russia
Childhood's End,Arthur C. Clarke,Knowledge, Technology and Power;)The Problems of Utopian Society;)The Purpose of Humanity
Child of the Dark,Carolina Maria de Jesus,The Symbiosis of Rich and Poor;)The Value of Independence;)The Power of Words;)The Blindness of Authority
The Chocolate War,Robert Cormier,Disturbing the Universe;)Psychological Warfare;)The Power of Fear;)Manipulation
The Chosen,Chaim Potok,The Importance
of Parallels ;)Silence As a
Path to the Soul ;)	The
Conflict between Tradition and Modernity ;)Choosing versus
Being Chosen 
Chronicle of a Death Foretold,Gabriel García Márquez,Ritual;)Honor
The Chrysanthemums,John Steinbeck,The Inequality of Gender;)The Importance of Sexual Fulfillment;)Clothing;)Chrysanthemums;)The Salinas Valley
Clarissa,Samuel Richardson,The immoral rake versus the innocent heroine;)The individual versus society;)The rewards of virtue and the punishments of evil
A Clash of Kings,George R. R. Martin,The Chaos of War;)Disadvantage as a Source of Power;)The Necessity of Confronting Difficult Truths
A Clean, Well-Lighted Place,Ernest Hemingway,Life as Nothingness;)The Struggle to Deal with Despair;)Loneliness;)The Café
A Clockwork Orange,Anthony Burgess,The Inviolability of Free Will ;)The Inherent Evil of Government ;)The Necessity of Commitment in Life;)“Duality as the Ultimate Reality” 
Cloud 9,Caryl Churchill,The Confusion of Gender;)The Quest for Identity;)The Haunting of the Present by the Past;)The Oppressive Nature of Violence
The Clouds,Aristophanes,Reconciling Science and Religion;)The Quest for Proper Education;)Educational Playwriting;)Reconciling Education with Daily Life
Cold Mountain,Charles Frazier,Isolation in the Search for Meaning ;)Knowledge and Intuition ;)Seasonal Changes and Rotations ;)The Past ;)The Crow ;)Forked Roads and Crossings ;)Dark-haired Women 
Cold Sassy Tree,Olive Anne Burns,The Struggle to Understand Death ;)The Dawning of the Modern Era ;)The Fight to Overcome Social Constraints 
The Color of Water,James McBride,Past Versus Present;)Exclusion As a Result of Racial or Religious Difference;)Self-motivation and Self-reliance;)The Burden of Secrets
The Color Purple,Alice Walker,The Power of Narrative and Voice ;)The Power of Strong Female Relationships ;)The Cyclical Nature of Racism and Sexism ;)The Disruption of Traditional Gender Roles 
Coming of Age in Mississippi,Anne Moody,The Absurdity of Racial Distinctions;)The Evil of Disunity Among Blacks in the Face of White Oppression;)The Destructive Power of Prejudice
Common Sense,Thomas Paine,Government as a necessary evil;)State of Nature;)The Inevitability of American Independence;)The Inevitability of British Oppression;)America's relationship with the rest of Europe;)The Problems with Monarchy
The Contender,Robert Lipsyte,What It Means to Be a Contender;)Self-Improvement;)Quitting;)Fitting in
Continuity of Parks,Julio Cortázar,The Danger of Subsuming Yourself in Literature;)The Color Green;)The Knife
The Count of Monte Cristo,Alexandre Dumas,The Limits of Human Justice ;)Relative Versus Absolute Happiness ;)Love Versus Alienation 
Crime and Punishment,Fyodor Dostoevsky,Alienation from Society;)The Psychology of Crime and Punishment;)The Idea of the Superman;)Nihilism
The Crucible,Arthur Miller,Intolerance;)Hysteria;)Reputation
Cry, the Beloved Country,Alan Paton,Reconciliation Between Fathers and Sons ;)The Vicious Cycle of Inequality and Injustice ;)Christianity and Injustice ;)Descriptions of Nature ;)Repentance ;)Repeated Phrases ;)The Church ;)Brightness 
The Curious Incident of the Dog in the Night-time,Mark Haddon,The Struggle to Become Independent;)Subjectivity;)The Disorder of Life;)Coping with Loss
Cyrano de Bergerac,Edmond Rostand,Values and Virtue ;)Inner and Outer Beauty ;)The Danger in Deception ;)Society ;)The Letters ;)Fighting and War ;)Cyrano’s Nose ;)Cyrano’s Tears and Christian’s Blood 
Daisy Miller,Henry James,Americans
Abroad;)The
Sadness and Safety of the Unlived Life
Dandelion Wine,Ray Bradbury,Life;)Happiness;)Change
Dangerous Liaisons,Pierre Ambroise Laclos,Desire;)War;)Religion;)Education
David Copperfield,Charles Dickens,The Plight of the Weak;)Equality in Marriage ;)Wealth and Class
The Da Vinci Code,Dan Brown,The
False Conflict between Faith and Knowledge;)The Subjectivity
of History ;)The Intelligence
of Women
A Day No Pigs Would Die,Robert Newton Peck,The Trials of Becoming a Man;)The Difficulty of Being an Outsider;)Free Will versus Expectations;)Acceptance of the Inevitabilities
Dead Man Walking,Sister Helen Prejean,The Redemptive Power of Love;)The Linked Symptoms of Social Injustice;)The Importance of Personal Responsibility;)The Moral Cost of Executions
Death Be Not Proud,John Gunther,Courage and Willpower in the Face of Death;)The Uniqueness of Loving Life;)Childhood versus Adulthood
A Death in the Family,James Agee,The Role of Religion;)Childhood Perception
A Death in the Woods,Sherwood Anderson,The Development of the Artist;)Feeding;)Circles;)Silence;)The Buggy;)The Old Woman’s Corpse
The Death of Ivan Ilych,Leo Tolstoy,The Right Life;)The Inevitability of Death;)Inner life vs. Outer life
Death of a Salesman,Arthur Miller,The American Dream;)Abandonment;)Betrayal
Demian,Hermann Hesse,Psychology;)Good and Evil;)The Will;)Narration
Diary of a Young Girl,Anne Frank,The Loneliness of Adolescence ;)The Inward versus the Outward Self;)Generosity and Greed in Wartime 
Dicey's Song,Cynthia Voigt,The Appeal of the Unusual;)The Connection Between Reaching Out and Receiving;)Letting go by Holding on and Holding on by Letting go
Distant View of a Minaret,Alifa Rifaat,The Importance of Love in Marriage;)The Tyranny of Husbands;)The Impact of Death on the Living;)The Cost of Freedom for Women
Doctor Faustus,Christopher Marlowe,Sin, Redemption, and Damnation ;)The Conflict Between Medieval and Renaissance Values ;)Power as a Corrupting Influence ;)The Divided Nature of Man 
A Doll’s House,Henrik Ibsen,The Sacrificial Role of Women ;)Parental and Filial Obligations ;)The Unreliability of Appearances ;)Nora’s Definition of Freedom ;)Letters ;)The Christmas Tree ;)New Year’s Day 
Don Quixote,Miguel de Cervantes,Perspective and Narration ;)Incompatible Systems of Morality ;)The Distinction between Class and Worth 
Dracula,Bram Stoker,The Consequences of Modernity;)The Threat of Female Sexual Expression ;)The Promise of Christian Salvation 
Dr. Jekyll and Mr. Hyde,Robert Louis Stevenson,The Duality of Human Nature;)The Importance of Reputation
Dubliners,James Joyce,The Prison of Routine;)The Desire for Escape ;)The Intersection
of Life and Death
The Dumb Waiter,Harold Pinter,The Silence and Violence of Language;)Anxiety Over Social Class
Dune,Frank Herbert,Religion and Power;)Human Control Over Ecology 
East of Eden,John Steinbeck,The Perpetual Contest between Good and Evil;)The Freedom to Overcome Evil;)The Pain of Paternal Rejection
Electra,Sophocles,The Opposing Values of Justice and Expediency;)The Effect of Revenge on Its Perpetrator;)The Degrading Effects of Dishonor
The Elegant Universe,Brian Greene,The Shortcomings of Intuition;)Theory of Everything;)Elegance;)Theory versus Experiment;)The Uncertainty Principle
Ellen Foster,Kaye Gibbons,Determination Despite Adversity;)The Intensity of Self-Consciousness and Self-Criticism;)Transcending Ignorance Through Social Awareness
Emma,Jane Austen,Marriage and Social Status ;)The Confined Nature of Women’s Existence ;)The Blinding Power of Imagination ;)The Obstacles to Open Expression ;)Visits ;)Parties ;)Conversational Subtexts ;)The Riddle ;)The Word Game ;)Tokens of Affection 
Ender's Game,Orson Scott Card,Games;)The relationship between adults and children;)Compassion;)Ruthlessness;)Friends and Enemies;)Humanity;)Ender;)Peter
Endgame,Samuel Beckett,Cyclical, Repetitive Nature of Beginnings and Endings;)Emptiness and Loneliness;)Theatre of the Absurd
The English Patient,Michael Ondaatje,Nationality and Identity;)Love's Ability to Transcend Time and Place
Ethan Frome,Edith Wharton,Society and Morality as Obstacles to the Fulfillment
of Desire ;)Winter as a Stifling Force
Everyday Use,Alice Walker,The Meaning of Heritage;)The Divisive Power of Education;)Eye Contact and Eyesight;)Naming and Renaming;)Quilts;)The Yard
Everything That Rises Must Converge,Flannery O’Connor,Social Conflict as a Generational Conflict;)Appearance as a Faulty Measure of Reality;)Lineage as Safety;)Social Conduct;)The Hat;)The Penny
Fahrenheit 451,Ray Bradbury,Censorship;)Knowledge versus Ignorance
Fallen Angels,Walter Dean Myers,The Loss of Innocence ;)The Unromantic Reality of War ;)The Moral Ambiguity of War 
A Farewell to Arms,Ernest Hemingway,The Grim Reality of War;)The Relationship Between Love and Pain
Farewell to Manzanar,Jeanne Wakatsuki Houston,The Destruction of Family Life Under Internment;)The Everyday Nature of Prejudice;)The Difficulty of Understanding One’s Identity
The Fault in Our Stars,John Green,The Necessity of Suffering;)Fear of Oblivion;)The Insensitivity of the Universe;)The Realities of Terminal Cancer;)The Importance of Fiction
The Fellowship of the Ring,J. R. R. Tolkien,The Corrupting Influence of Power;)The Inevitability of Decline;)The Power of Myth
Fences,August Wilson,Coming of Age Within the Cycle of Damaged Black Manhood;)Interpreting and Inheriting History;)The Choice Between Pragmatism and Illusions as Survival Mechanisms
The Flies,Jean-Paul Sartre,Freedom;)Responsibility and Guilt;)Past and Future
Flowers for Algernon,Daniel Keyes,Mistreatment of the Mentally Disabled ;)The Tension between Intellect and Emotion ;)The Persistence of the Past in the Present 
Fool For Love,Sam Shepard,A Cycle of Abandonment and Returning;)Co-dependence;)Love as desire and repulsion
For Whom The Bell Tolls,Ernest Hemingway,The Loss of Innocence in War ;)The Value of Human Life;)Romantic Love as Salvation ;)Rabbits and Hares;)The Forest Floor;)Signs and Omens;)Suicide;)Planes, Tanks, and Mortars;)Absinthe
The Fountainhead,Ayn Rand,The Primacy of the Individual;)The Importance of Reason;)The Cold Ferocity of Love
Frankenstein,Mary Shelley,Dangerous Knowledge;)Sublime Nature;)Monstrosity;)Secrecy;)Texts;)Passive Women;)Abortion;)Light and Fire
A Game of Thrones,George R. R. Martin,The Conflicting Demands of Duty and Love;)The Necessity of Facing Hard Truths;)The Corrupt Nature of Politics
A Clash of Kings,George R. R. Martin,The Chaos of War;)Disadvantage as a Source of Power;)The Necessity of Confronting Difficult Truths
A Storm of Swords,George R. R. Martin,The Political Role of Family;)Breaking the Conventional Female Mold;)The Need for Revenge;)The Struggles of Identity;)The Importance of Honor
A Gathering of Old Men,Ernest J. Gaines,Manhood and Redefining Black Masculinity;)Changes in Social and Legal Status;)Racial Interdependence
Giants in the Earth,O.E. Rölvaag,The Falseness of the American Frontier Myth;)The Cost of Immigration;)The Struggle Between Humans and Nature
The Epic of Gilgamesh,,Love As a Motivating
Force ;)The Inevitability
of Death;)The Gods Are Dangerous
Girl,Jamaica Kincaid,The Danger of Female Sexuality;)The Transformative Power of Domesticity;)Food;)Cloth;)
Benna

Girl, Interrupted,Susanna Kaysen,Confusion
of Social Nonconformity with Insanity;)Freedom vs. Captivity;)Limited Choices
Available to Women
The Girl With the Dragon Tattoo,Stieg Larsson,The Epidemic of Violence Against Women In Modern Society;)The Corruption of Sweden;)The Inaccuracy of Appearances
The Giver,Lois Lowry,The Importance of Memory;)The Relationship Between Pain and Pleasure;)The Importance of the Individual
The Glass Menagerie,Tennessee Williams,The Difficulty of Accepting Reality ;)The Impossibility of True Escape ;)The Unrelenting Power of Memory ;)Abandonment ;)The Words and Images on the Screen ;)Music ;)Laura’s Glass Menagerie ;)The Glass Unicorn ;)“Blue Roses” ;)The Fire Escape 
Glengarry Glen Ross,David Mamet,Speech as Mode of Action;)Success and Failure
Go Ask Alice,Anonymous,Difficulty of Communication;)Problems of Adolescent Identity
Gone with the Wind,Margaret Mitchell,The Transformation of Southern Culture ;)Overcoming Adversity with Willpower ;)The Importance of Land 
The Good Earth,Pearl S. Buck,Man’s Relationship to the Earth;)Wealth as a Destroyer of Traditional Values;)The Oppression of Women in Chinese Culture
A Good Man Is Hard to Find,Flannery O’Connor,The Elusive Definition of a “Good Man”;)The Unlikely Recipients of Grace;)Nostalgia;)The Grandmother’s Hat
The Good Soldier,Ford Madox Ford,The Difference Between Appearance and Reality;)The Moral Significance of Adultery;)Definitions of Normality
The Grapes of Wrath,John Steinbeck,Man’s Inhumanity to Man;)The Saving Power of Family and Fellowship;)The Dignity of Wrath;)The Multiplying Effects of Selfishness and Altruism
Great Expectations,Charles Dickens,Ambition and Self-Improvement;)Social Class;)Crime, Guilt, and Innocence
The Great Gatsby,F. Scott Fitzgerald,The Decline of the American Dream in the 1920s;)The Hollowness of the Upper Class
Grendel,John Gardner,Art as Falsehood;)The Power of Stories;)The Pain of Isolation
Gulliver’s Travels,Jonathan Swift,Might Versus Right;)The Individual Versus Society;)The Limits of Human Understanding
Hamlet,William Shakespeare,The Impossibility of Certainty;)The Complexity of Action;)The Mystery of Death;)The Nation as a Diseased Body
The Handmaid’s Tale,Margaret Atwood,Women’s Bodies as Political Instruments ;)Language as a Tool of Power ;)The Causes of Complacency 
Happy Days,Samuel Beckett,Loneliness and the Need for Companionship;)Stasis Masquerading as Change;)Failure and Emptiness of Language
Hard Times,Charles Dickens,The Mechanization of Human Beings ;)The Opposition Between Fact and Fancy ;)The Importance of Femininity 
Harrison Bergeron,Kurt Vonnegut,The Danger of Total Equality;)The Power of Television;)Noise;)Harrison Bergeron
Harry Potter and the Chamber of Secrets,J. K. Rowling,Tolerance of People who are Different;)Reliance on a Community;)The Importance of Choices;)Framing;)Names;)Warmth
Harry Potter and the Deathly Hallows,J. K. Rowling,The Difficulty of Loving the Dead;)The Importance of Second Chances;)Keeping Faith with the Dead
Harry Potter and the Goblet of Fire,J. K. Rowling,The Problem of Enslavement;)Community connectedness;)The Preoccupations of Adolescence
Harry Potter and the Half-Blood Prince,J. K. Rowling,The Importance of Friendship;)The Power of Self-Sacrifice;)Trust
Harry Potter and The Order of the Phoenix,J.K. Rowling,The Relationship Between Knowledge
and Time;)Education As Empowerment;)The Importance of Unity;)Lying ;)Loyalty;)Blood;)Occlumency ;)Educational Decrees;)O. W. L. Exams
Harry Potter and the Prisoner of Azkaban,J. K. Rowling,The Injustice of Legal Systems;)The Duality of Life;)The Importance of Loyalty
Harry Potter and the Sorcerer’s Stone,J. K. Rowling,The Value of Humility ;)The Occasional Necessity of Rebellion ;)The Dangers of Desire 
Hatchet,Gary Paulsen,Man Versus Nature;)The Power of Positive Thinking;)Initiation Into Manhood;)Contrasts Between Urban and Wilderness Environments
Having Our Say: The Delany Sisters’ First 100 Years,Sarah Louise Delany and Annie Elizabeth Delany, with Amy Hill Hearth,The Power of Naming and Name-Calling;)The Pursuit of Education;)The Prevalence of Racism and Sexism
The Heart Is a Lonely Hunter,Carson McCullers,Man's Struggle Against Isolation;)Religion as Self-Delusion;)Heroism
Heart of Darkness,Joseph Conrad,The Hypocrisy of Imperialism;)Madness as a Result of Imperialism;)The Absurdity of Evil
Henry IV, Part 1,William Shakespeare,The Nature of Honor ;)The Legitimacy of Rulership ;)High and Low Language ;)Doubles ;)British Cultures ;)Magic ;)Representative Characters ;)The Sun 
Henry V,William Shakespeare,The Ruthlessness of the Good King ;)The Diversity of the English 
Herland,Charlotte Perkins Gilman,The Subduing of Women’s Humanity;)The Rationalism of Herland’s Society;)The Rejection of Tradition;)The Sanctity of Motherhood
Herzog,Saul Bellow,The Power of Ambiguity;)The Internal Journey of Modern Man
Hills Like White Elephants,Ernest Hemingway,Talking versus Communicating;)Drinking;)White Elephants
Hiroshima,John Hersey,Community Survival in the Face of Mass Destruction ;)Japanese Stoicism and Personal Submission ;)The Unnatural Power of the Bomb ;)Death ;)Acceptance of Life’s Capriciousness ;)Confusion and Ignorance ;)The Lush New Greenery ;)The Keloids ;)Water 
His Dark Materials,Philip Pullman,Will and Grace;)Freedom Through Knowledge;)The Importance of Sex to Maturation
The Hobbit,J. R. R. Tolkien,Bilbo’s Heroism ;)Race, Lineage, and Character ;)Contrasting Worldviews ;)The Nature and Geography of Middle-Earth ;)Named Swords ;)Hobbits 
Holes,Louis Sachar,The Power of Fate to Determine Events;)The Benefits of Friendship;)The Destructive Nature of Cruelty;)The Importance of History in Everyday Life
Homecoming,Cynthia Voigt,The Transformative Power of Breaking Conventions and Habits;)Family as Home;)The Connection between Freedom and Abandonment
Hound of the Baskervilles,Sir Arthur Conan Doyle,Natural and supernatural; truth and fantasy;)Classism and hierarchy
The Hours,Michael Cunningham,The Human Fascination With Mortality ;)The Constraint of Societal Roles;)Ordinary Life As More Interesting Than Art;)Water ;)Domestic Objects ;)Flowers;)Laura’s Cake;)Richard’s Chair;)The Dead Bird
House Made of Dawn,N. Scott Momaday,The Expression of Native American Culture Through Storytelling;)The Tempo of Life;)Historical and Personal Relationships with Nature
The House of Mirth,Edith Wharton,The Safety of Love and Death;)The Uncivilization of Manners;)Freedom vs. Slavery
The House of the Seven Gables,Nathaniel Hawthorne,The Sins of One Generation Are Visited on the Next ;)Class Status in New England ;)The Deceptiveness of Appearances 
The House of the Spirits,Isabel Allende,The Struggle Between Classes;)The Power of Women;)The Importance of Genealogy;)Civilization vs. Barbarity
The House on Mango Street,Sandra Cisneros,The Power of Language;)The Struggle
for Self-Definition ;)Sexuality vs. Autonomy;)Women’s
Unfulfilled Responsibilities to Each Other
How the Garcia Girls Lost Their Accents,Julia Alvarez,The Roots of Family Conflict;)The Problems Posed by Sexuality;)The Meaning of Language
A Hunger Artist,Franz Kafka,The Separation of Artist from Society;)The Harmful Effect of Pride;)The Fruitlessness of Hunger;)Spectacle and Spectators;)The Cage;)The Panther;)The Clock
The Hunger Games,Suzanne Collins,The inequality between rich and poor;)Suffering as entertainment;)The importance of appearances
Catching Fire,Suzanne Collins,The Duplicity and Power of Appearances;)The Struggle for Control;)The Ignorance of the Privileged
I Am the Cheese,Robert Cormier,Discovering and Altering One's Identity;)Helpless Individual Against Powerful Organizations
The Iceman Cometh,Eugene O'Neill,The Pipe Dream;)Judgment;)Ambivalence;)The Chorus;)Death and Sleep;)The Feast;)The Refrain
An Ideal Husband,Oscar Wilde,Marriage;)Womanliness and the Feminine;)Aestheticism and the Art of Living
The Idiot,Fyodor Dostoevsky,The Ideal Human Being;)The Clash Between Good and the Real World;)Russian Christianity and Redemption
I Know Why the Caged Bird Sings,Maya Angelou,Racism and Segregation ;)Debilitating Displacement ;)Resistance to Racism 
The Iliad,Homer,The Glory of War;)Military Glory over Family Life;)The Impermanence of Human Life and Its Creations
The Importance of Being Earnest,Oscar Wilde,The Nature of Marriage;)The Constraints
of Morality;)Hypocrisy vs.
Inventiveness;)The
Importance of Not Being “Earnest”
Incidents in the Life of a Slave Girl,Harriet Jacobs,The Corrupting Power of Slavery;)Domesticity As Paradise and Prison;)The Psychological Abuses of Slavery
Inferno,Dante Alighieri,The Perfection of God’s Justice;)Evil as the Contradiction of God’s Will;)Storytelling as a Way to Achieve Immortality
Inherit the Wind,Jerome Lawrence & Robert E. Lee,
Fundamentalism vs. Freedom of Thought;)The City vs. the Country;)Man vs. Society
Interpreter of Maladies,Jhumpa Lahiri,The Difficulty of Communication;)The Danger of Romanticism;)Seeing;)The Camera;)Mrs. Das’s Puffed Rice
Into Thin Air,Jon Krakauer,Commercialism on Everest;)Trust Among Teammates;)Loyalty Among Teammates;)Questions that Cannot be Answered
Invisible Man,Ralph Ellison,Racism as an Obstacle to Individual Identity;)The Limitations of Ideology;)The Danger of Fighting 
Stereotype with Stereotype 
Iola Leroy,Frances Harper,The Double Oppression of Race and Gender ;)Biological vs. Social Conditions of Race 
I, Rigoberta Menchu,Rigoberta Menchu,The Power of Language;)The Cost of Progress;)The Virtue of Hard Work
Island of the Blue Dolphins,Scott O'Dell,Forgiveness and trust;)Loneliness and companionship;)Moral Development
I Stand Here Ironing,Tillie Olsen,The Unspoken Burdens of Motherhood;)The Nature of Guilt and Regret;)Absence;)Doubles;)The Iron;)The Convalescent Home and Emily’s Balcony
Jane Eyre,Charlotte Brontë,Love Versus Autonomy;)Religion;)Social Class;)Gender Relations
Jazz,Toni Morrison,Violence;)Motherhood;)Race
The Jew of Malta,Christopher Marlowe,Religious Hypocrisy;)Machiavellian Strategy;)Vengeance and Retribution
The Jilting of Granny Weatherall,Katherine Ann Porter,The Usefulness of Denial;)Waste;)The Color Blue
Johnny Got His Gun,Dalton Trumbo,The Oppression of the Working Class;)The Unequal Bargain of War;)The Horrific Consequences of Modern Warfare;)Nostalgia for Pastoralism
Johnny Tremain,Esther Forbes,War’s Transformation of Boys into Men;)The Revolution as a Coming of Age;)The Influence of Personal Relationships on Character
Journey into the Whirlwind,Eugenia Ginzburg,The Will to Survive;)The Desire for Companionship;)The Need for Communication
The Joy Luck Club,Amy Tan,The Challenges of Cultural Translation;)The Power of Storytelling;)The Problem of Immigrant Identity
The Joys of Motherhood,Buchi Emecheta,The Influences of Colonialism;)The Individual vs. the Collective;)The Danger of Resisting Change;)The Ambiguous Rewards of Motherhood
Julius Caesar,William Shakespeare,Fate versus Free Will;)Public Self versus Private Self;)Misinterpretations and Misreadings;)Inflexibility versus Compromise;)Rhetoric and Power
The Jungle,Upton Sinclair,Socialism as a Remedy for the Evils of Capitalism;)The Immigrant Experience and the Hollowness of the
American Dream
Jurassic Park,Michael Crichton,The Potential Dangers of Technology;)Similarities Between Dinosaurs and Birds;)The Hupia
Kidnapped,Robert Louis Stevenson,Loyalty and friendship;)Diversity of ethics
The Killer Angels,Michael Shaara,Technology and Strategic Development ;)The Obtrusiveness of Death in War ;)A Nation Divided 
Kindred,Octavia Butler,The Corrupting Influence of Power;)The Bondage of Familial Love
King Lear,William Shakespeare,Justice;)Authority versus Chaos;)Reconciliation
The King Must Die,Mary Renault,Leadership;)Justice;)Belief;)Honor
The Kitchen God's Wife,Amy Tan,The Difficulties of Bicultural Life;)The Female Struggle in a Patriarchal Society;)The Tension Between Fate and Self-Determination
The Kite Runner,Khaled Hosseini,The Search For Redemption;)The Love and Tension Between Fathers and Sons;)The Intersection of Political Events and Private Lives;)The Persistence of the Past
Krik? Krak!,Edwidge Danticat,The Diversity of Suffering;)Family As a Source of Posterity;)The Dangerous Power of Hope
The Land,Mildred D. Taylor,The Nature of Kinship;)Passive Methods of Fighting Oppression;)The Intersection of Class and Racial Oppression
The Last of the Mohicans,James Fenimore Cooper,Interracial Love and Friendship ;)Literal and Metaphorical Nature;)The Role of Religion in the Wilderness ;)The Changing Idea of Family 
Legs,William Kennedy,The appeal of villainy;)The American Dream
Les Misérables,Victor Hugo,The Importance of Love and Compassion;)Social Injustice in Nineteenth-Century France;)The Long-Term Effects of the French Revolution on
French Society
A Lesson Before Dying,Ernest J. Gaines,Recognizing Injustice and Facing Responsibility ;)Redemption in Death ;)The Inescapable Past ;)Constructive Lying 
The Libation Bearers,Aeschylus,The cyclical nature of blood crimes;)The lack of clarity between right and wrong;)The conflict between new and old gods;)The difficult nature of inheritance
Lieutenant Nun,Catalina de Erauso,The Creation of Masculinity;)The Importance of a Relationship with God;)The Power of Disguise
Life of Pi,Yann Martel,The Will to Live;)The Importance of Storytelling;)The Nature of Religious Belief
Light in August,William Faulkner,The Burdens of the Past;)The Struggle for a Coherent Sense of Identity;)The Isolation of the Individual
The Light in the Forest,Conrad Richter,Indian Freedom versus White Civilization;)The Victimization of Children;)The Struggle for Identity and Allegiances;)The Imperfection of Both Indian and White Societies
The Lion, The Witch, and The Wardrobe,C. S. Lewis,The Danger of Gluttony;)The Power of Satan;)Humankind's Redemption
The Little Prince,Antoine de Saint-Exupéry,The Dangers of Narrow-Mindedness;)Enlightenment through Exploration ;)Relationships Teach Responsibility
Little Women,Louisa May Alcott,Women’s Struggle Between 
Familial Duty and Personal Growth ;)The Danger of Gender Stereotyping ;)The Necessity of Work ;)The Importance of Being Genuine ;)Music ;)Teaching ;)Differing Uses of Language;)Umbrellas ;)Burning 
Lolita,Vladimir Nabokov,The Power of Language;)The Dispiriting Incompatibility of European and American
Cultures;)The Inadequacy of Psychiatry;)The Alienation Caused by Exile
Lord of the Flies,William Golding,Civilization vs. Savagery;)Loss of Innocence
The Fellowship of the Ring,J. R. R. Tolkien,The Corrupting Influence of Power;)The Inevitability of Decline;)The Power of Myth
The Two Towers,J. R. R. Tolkien,The Decay of Civilization;)The Value of Fellowship;)Duty
The Return of the King,J. R. R. Tolkien,The Ambiguity of Evil;)The Importance of Redemption;)The Priority of Friendship
The Lottery,Shirley Jackson,The Danger of Blindly Following Tradition;)The Randomness of Persecution;)Family;)Rules;)The Black Box;)The Lottery
Love in the Time of Cholera,Gabriel García Márquez,Love as an Emotional and Physical Plague
;)The Fear and Intolerance of Aging and Death;)Suffering in the Name of Love
Lucky Jim,Kingsley Amis,"Luck" as opposed to "entitlement" accounting for one's lot in life;)The value of straightforwardness over pretension and hypocrisy;)The differences between social classes
Lucy: A Novel,Jamaica Kincaid,The Cyclical Nature of Existence;)The Difficulty of Mother-Daughter Relationships;)The Power of Circumstance on Perception
Macbeth,William Shakespeare,The Corrupting Power of Unchecked Ambition;)The Relationship Between Cruelty and Masculinity;)The Difference Between Kingship and Tyranny
Madame Bovary,Gustave Flaubert,The Inadequacy of Language ;)The Powerlessness of Women ;)The Failures of the Bourgeoisie ;)Death and Illness ;)Windows ;)Eating ;)The Blind Beggar ;)Dried Flowers ;)The Lathe 
The Maids,Jean Genet,Illusion as a Reaction Against Authority;)Self-conscious theatricality;)Filth;)Red velvet dress
Main Street,Sinclair Lewis,The Reality of Small-Town America;)The Individual vs. the Community;)Disillusionment;)The Reality of Marriage
Major Barbara,George Bernard Shaw,Arms and the Man;)The will to killing;)The ideal community and the crime of poverty
A Man for All Seasons,Robert Bolt,Types of Moral Guides ;)Corruption ;)The Self and Friendship 
The Man Who Was Almost a Man,Richard Wright,The Search for Power;)Coming-of-Age Struggles;)Lies and Lying;)Darkness;)The Gun;)The Mule
The Mayor of Casterbridge,Thomas Hardy,The Importance of Character ;)The Value of a Good Name ;)The Indelibility of the Past ;)Coincidence ;)The Tension between Tradition and Innovation ;)The Tension between Public Life and Private Life ;)The Caged Goldfinch ;)The Bull ;)The Collision of the Wagons 
A Medieval Life,Judith Bennett,The Universality of Women’s Experiences;)The Disenfranchisement of All Medieval Women;)Social Class As Destiny
Melville Stories,Herman Melville,Race;)Charity and Selfishness
The Member of the Wedding,Carson McCullers,The Rules of Life that Separate One Person from Another;)The Way that Surface Changes, Impression and Thoughts Can Belie What Exists Beneath;)Sexual and emotional development, loss of innocence;)Color;)Eyes;)The passage of time;)The ticking clock, the bell;)Playing cards;)Dissonant piano scales
The Merchant of Venice,William Shakespeare,Self-Interest Versus Love;)The Divine Quality of Mercy;)Hatred as a Cyclical Phenomenon
Meridian,Alice Walker,The Difficulty of Idealism;)The Interconnection of Past and Present
The Metamorphosis,Franz Kafka,The Absurdity of Life;)The Disconnect Between Mind and Body;)The Limits of Sympathy;)Alienation
Middlemarch,George Eliot,The Imperfection of Marriage;)The Harshness of Social Expectations;)Self-Determination vs. Chance
Midnight’s Children,Salman Rushdie,The Single and the Many;)The Unreliability of Memory and Narrative;)Destruction vs. Creation
A Midsummer Night’s Dream,William Shakespeare,Love’s Difficulty;)Magic;)Dreams
A Midwife’s Tale,Laurel Thatcher Ulrich,Actions Speak Louder than Words;)The Importance of Simple Moments;)The Contentment of a Well-Ordered Life
A Million Little Pieces,James Frey,Self-reliance as a means of salvation
The Mill on the Floss,George Eliot,The Claim of the Past Upon Present Identity;)The Importance of Sympathy;)Practical Knowledge Versus Bookish Knowledge;)The Effect of Society Upon the Individual
The Misanthrope,Molière,The Hypocrisies of Social Behavior;)The Acceptance of Human Flaw;)The Irrationality of Love;)The Rationality of Compromise
Miss Julie,August Strindberg,The Degenerate Woman;)Class and Gender Conflict;)Idealization and Degradation;)Hypnotism;)Animal Doubles;)The pantomime and ballet
Miss Lonelyhearts,Nathanael West,The Failure of Christian Faith and Miss Lonelyhearts's Christ Complex;)Literary Frustration and Castration;)The Great Depression and the Illusion of the American Dream
Moby-Dick,Herman Melville,The Limits of Knowledge;)The Deceptiveness of Fate;)The Exploitative Nature of Whaling
The Monkey’s Paw,W. W. Jacobs,The Danger of Wishing;)The Clash between Domesticity and the Outside World;)Groups of Three;)The Monkey’s Paw;)Chess
The Moonstone,Wilkie Collins,Subjective Experience versus Objective Knowledge;)The Nobility of Self-Sacrifice;)The Disparity Between Different Systems of Value;)The Unwelcome Return of the Past
The Most Dangerous Game,Richard Connell,Reason versus Instinct;)The Effects of War;)The Color Red;)Darkness;)The Jungle;)The Island
Mother Courage,Bertolt Brecht,War as Business;)Virtue in Wartime;)
Verfremdungseffekt
;)Allegory and the Morality Play;)Music;)Business practices;)Capitulation;)Maternity
Mourning Becomes Electra,Eugene O'Neill,Oedipus;)Fate, Repetition, and Substitution;)The Double/the Rival;)The Law of the Father
Mrs. Dalloway,Virginia Woolf,Communication vs.
Privacy ;)Disillusionment
with the British Empire;)The Fear of Death;)The Threat of Oppression
Much Ado About Nothing,William Shakespeare,The Ideal of Social Grace ;)Deception as a Means to an End ;)The Importance of Honor 
Murder on the Orient Express,Agatha Christie,The Justice of a Jury;)The Insufficiency of Law;)The Morality of Murder
My Ántonia,Willa Cather,Humankind’s Relationship to the Past;)Humankind’s Relationship to Its Environment;)The Immigrant Experience in the United States;)The Traditional Nature of Frontier Values
My Brother Sam is Dead,Christopher Collier & James Lincoln Collier,The Illusion of Glory;)The Degeneration of Values During War;)The Clashing Influence of Father and Brother
My Name is Asher Lev,Chaim Potok,The Conflict between Art and Religious Community
My Sister’s Keeper,Jodi Picoult,The Ambiguous Line Between Right and Wrong ;)The Bonds of Sisterhood ;)The Contrast Between Appearance and Reality 
Mythology,Edith Hamilton,The Dominance of Fate ;)Bloodshed Begets Bloodshed;)The Danger of Arrogance and Hubris ;)Reward for Goodness and Retribution for Evil 
Narrative of the Life of Frederick Douglass,Frederick Douglass,Ignorance as a Tool of Slavery;)Knowledge as the Path to Freedom;)Slavery’s Damaging Effect on Slaveholders;)Slaveholding as a Perversion of Christianity
Native Son,Richard Wright,The Effect of Racism on the Oppressed;)The Effect of Racism on the Oppressor;)The Hypocrisy of Justice
The Natural,Bernard Malamud,Mythology;)The Tragic Flaw;)The Lack of Modern Heroes
The Necklace,Guy de Maupassant,The Deceptiveness of Appearances;)The Danger of Martyrdom;)The Perceived Power of Objects;)Coveting;)The Necklace
Nectar in a Sieve,Kamala Markandaya,Hunger as a Threat to Dignity;)Knowledge As Power;)The Strength of Truth;)The Importance of Fertility
Nervous Conditions,Tsitsi Dangarembga,The Pervasiveness of Gender Inequality;)The Influence of Colonialism;)Tradition vs. Progress
Bible: The New Testament,,The New Testament’s Relation to the Old Testament;)Salvation for Social Outcasts ;)Salvation Through Faith in Christ
Night,Elie Wiesel,Eliezer’s Struggle to Maintain 
Faith in a Benevolent God;)Silence;)Inhumanity Toward Other Humans;)The Importance of Father-Son Bonds
Nisa: The Life and Words of a !Kung Woman,Marjorie Shostak,The Intrusion of the Modern World;)The Universality of Women’s Experience;)The Importance of Sexuality
No Longer At Ease,Chinua Achebe,The Corruptibility of Civil Servants;)The Influence of Education;)Tradition versus Progression
Northanger Abbey,Jane Austen,Gothic novels;)Youth
Notes from Underground,Fyodor Dostoevsky,The Fallacies of Rationalism and Utopianism;)The Artificiality of Russian Culture;)Paralysis of the Conscious Man in Modern Society
Number the Stars,Lois Lowry,The Difficulty of Growing Up;)Voyage and Transformation;)Fairy tales
Obasan,Joy Kogawa,The Benefits of Silence;)The Dubious Necessity of Remembering;)The Difficulty of Balancing Cultures
An Occurrence at Owl Creek Bridge,Ambrose Bierce,The Fluid Nature of Time;)The Blurred Line between Reality and Illusion;)Distorted Sensory Experience;)The Color Gray;)Driftwood;)The Owl Creek Bridge
Odour of Chrysanthemums,D. H. Lawrence,The Isolation of the Human Soul;)The Nature of Love;)Suffocation;)Darkness;)Chrysanthemums
The Odyssey,Homer,The Power of Cunning over Strength;)The Pitfalls of Temptation
The Oedipus Plays,Sophocles,The Power of Unwritten Law;)The Willingness to Ignore the Truth;)The Limits of Free Will
Of Mice and Men,John Steinbeck,The Predatory Nature of Human Existence;)Fraternity and the Idealized Male Friendship;)The Impossibility of the American Dream
The Old Man and the Sea,Ernest Hemingway,The Honor in Struggle, Defeat & Death;)Pride as the Source of Greatness & Determination
Bible: The Old Testament,,The Problem of Evil ;)The Possibility of Redemption ;)The Virtue of Faith 
Oliver Twist,Charles Dickens,The Failure of Charity;)The Folly of Individualism ;)Purity in a Corrupt City;)The Countryside Idealized;)Disguised or Mistaken Identities ;)Hidden Family Relationships ;)Surrogate Families ;)Oliver’s Face ;)Characters’ Names ;)Bull’s-eye ;)London Bridge 
On the Beach,Nevil Shute,Self-Destruction;)Humankind's Destructive Relationship With Technology;)Knowledge as Both Danger and Salvation
The Once and Future King,T. H. White,The Relationship Between Force and Justice;)The Role of War in Medieval England;)The Frivolity of Knighthood
One Day in the Life of Ivan Denisovich,Alexander Solzhenitsyn,The Struggle for Human Dignity;)The Outrage of Unjust Punishment;)The Importance of Faith
One Flew Over the Cuckoo’s Nest,Ken Kesey,Women as Castrators ;)Society’s Destruction of Natural Impulses ;)The Importance of Expressing Sexuality ;)False Diagnoses of Insanity ;)Invisibility ;)The Power of Laughter ;)Real Versus Imagined Size ;)The Fog Machine ;)McMurphy’s Boxer Shorts ;)The Electroshock Therapy Table 
One Hundred Years of Solitude,Gabriel García Márquez,The Subjectivity of Experienced Reality ;)The Inseparability of Past, Present, and Future ;)The Power of Reading and of Language ;)Memory and Forgetfulness ;)The Bible ;)The Gypsies ;)Little Gold Fishes ;)The Railroad ;)The English Encyclopedia ;)The Golden Chamber Pot 
The Open Boat,Stephen Crane,Nature’s Indifference to Man;)Man’s Insignificance in the Universe;)Society as Meaning in a Harsh World;)Drowning;)Waves;)The Boat;)The Oiler’s Death;)The Poem;)The Cigars
Oranges are Not the Only Fruit,Jeanette Winterson,All Stories are Made Up;)The Mythic Journey;)The World is Not Made of Binary Oppositions
Orlando,Virginia Woolf,Fact and Imagination;)Gender differences;)Conforming to society
Othello,William Shakespeare,The Incompatibility of Military Heroism & Love;)The Danger of Isolation
Our Town,Thornton Wilder,The Transience of Human Life ;)The Importance of Companionship;)The Artificiality of the Theater 
Out of Africa,Isak Dinesen,Africa as a Pastoral Landscape;)Differences Between the Races;)Aristocracy
The Outsiders,S. E. Hinton,Bridging the Gap Between Rich and Poor ;)Honor Among the Lawless ;)The Treacherousness of Male-Female Interactions
Paradise Lost,John Milton,The Importance of Obedience to God;)The Hierarchical Nature of the Universe ;)The Fall as Partly Fortunate
A Passage to India,E. M. Forster,The Difficulty of English-Indian Friendship;)The Unity of All Living Things;)The “Muddle” of India;)The Negligence of British Colonial Government
Paul’s Case: A Study in Temperament,Willa Cather,The Danger of Misunderstanding Money;)The Addictive Nature of Art;)The Alienation of Homosexuals;)Colors;)Food;)Red Carnations
The Pearl,John Steinbeck,Greed as a Destructive Force;)The Roles of Fate and Agency in Shaping Human Life;)Colonial Society’s Oppression of Native Cultures
A Perfect Day for Bananafish,J. D. Salinger,The Difficulty of True Communication;)The Futile Search for Innocence;)Materialism;)Seeing;)Bananafish
Persuasion,Jane Austen,Class Rigidity and Social Mobility;)Persuasion;)Silly Parents;)Separate Spheres;)The Changing Ideal of the Gentleman
The Phantom Tollbooth,Norton Juster,The Value of Education;)Appreciating the Things of Everyday Life;)Learning to Use Common Sense;)Escaping Boredom
The Piano Lesson,August Wilson,Memory/Historical Legacy
The Picture of Dorian Gray,Oscar Wilde,The Purpose of Art;)The Supremacy of Youth and Beauty;)The Superficial Nature of Society ;)The Negative Consequences of Influence
Pigs in Heaven,Barbara Kingsolver,Family Structure;)Community Values/Native American Experience and Culture;)Culture clash
The Pilgrim’s Progress,John Bunyan,Knowledge Gained Through Travel;)The Importance of Reading;)The Value of Community
Poe’s Short Stories,Edgar Allan Poe,Love and Hate;)Self vs. Alter Ego;)The Power of the Dead over the Living
Poisonwood Bible,Barbara Kingsolver,The Cultural Arrogance of the West;)Pantheism as a Superior Form of Religious Faith;)The Individuality of How to Deal with the Burden of Guilt;)The Impossibility of Absolute and Unambiguous Justice on a Global Scale
A Portrait of the Artist as a Young Man,James Joyce,The Development of Individual Consciousness;)The Pitfalls of Religious Extremism;)The Role of the Artist;)The Need for Irish Autonomy
The Power and the Glory,Graham Greene,The Dangers of Excessive Idealism;)The Disparity Between Representation and Reality;)The Interrelated Nature of So-called Opposites;)The Paradox of Christian Humility
The Power of One,Bryce Courtenay,The Slow Poison of Apartheid;)The Importance of Camouflage for Survival;)The Necessary Coexistence of Logic and Magic;)The Complicated Relationship Between Boxing and Fighting
Pride and Prejudice,Jane Austen,Love;)Reputation;)Class
The Prince,Niccolò Machiavelli,
The Princess Bride,William Goldman,The pretension of the literary world versus the hedonism of pleasure reading;)The arbitrariness of time, history, and love
Prometheus Bound,Aeschylus,Tyranny and Friendship;)Thought and Force;)Excess;)Progress;)Yoke and Harness;)Time;)Fire
Ragtime,E. L. Doctorow,The Difficulty of Accepting Change;)The Struggle for Stability and Meaning;)The Impact of Technological Development on Culture;)Imprisonment and False Liberation
A Raisin in the Sun,Lorraine Hansberry,The Value and Purpose of Dreams ;)The Need to Fight Racial Discrimination ;)The Importance of Family 
The Red Badge of Courage,Stephen Crane,Courage;)Manhood;)Self-Preservation;)The Universe’s Disregard for Human Life
The Red-Headed League,Arthur Conan Doyle,The Presence of the Bizarre in Everyday Life;)The Power of Reason;)Red Hair;)The Cellar
The Red Tent,Anita Diamant,The Burden of Memory;)Childbirth As a Defining Experience;)The Power of the Moon and of Nature
Regeneration,Pat Barker,Madness;)Love Between Men;)Parenthood
The Remains of the Day,Kazuo Ishiguro,Dignity and Greatness;)Regret;)Loss
The Republic,Plato,
The Return of the King,J. R. R. Tolkien,The Ambiguity of Evil;)The Importance of Redemption;)The Priority of Friendship
Rhinoceros,Eugène Ionesco,Will and Responsibility;)Logic and Absurdity;)Fascism
Richard III,William Shakespeare,The Allure of Evil ;)The Connection Between Ruler and State ;)The Power of Language ;)The Birth of the Tudor Dynasty ;)The Supernatural ;)Dreams ;)The Boar 
Rita Hayworth and the Shawshank Redemption,Stephen King,The Burden of Isolation and Imprisonment;)The Power of Hope;)Corruption and Crime;)Time;)Rita Hayworth;)Rocks
Robinson Crusoe,Daniel Defoe,The Ambivalence of Mastery ;)The Necessity of Repentance ;)The Importance of Self-Awareness 
Romeo and Juliet,William Shakespeare,The Forcefulness of Love ;)Love as a Cause of Violence ;)The Individual Versus Society;)The Inevitability of Fate ;)Light/Dark Imagery;)Opposite Points of View;)Poison ;)Thumb-biting;)Queen Mab
A Room of One’s Own,Virginia Woolf,The Importance of Money;)The Subjectivity of Truth 
A Rose for Emily,William Faulkner,Tradition versus Change;)The Power of Death;)Watching;)Dust;)Emily’s House;)The Strand of Hair
Rosencrantz and Guildenstern Are Dead,Tom Stoppard,The Incomprehensibility of the World;)The Difficulty of Making Meaningful Choices;)The Relationship Between Life and the Stage
Rubyfruit Jungle,Rita Mae Brown,The Role of Sexuality in the Search for the Self;)The Exploitative Nature of Capitalism;)The Oppressive Nature of the Patriarchal System;)Nature As a Source of Strength;)Humor;)Names and Naming;)Verb Tense Change;)Role-Playing/Acting;)The Forest;)The City;)Drainpipes;)Polina, Paul, and Mr. Bellantoni
Salomé,Oscar Wilde,The Look and the Spectacle of the Body;)
Vanitas
;)The Orient
The Scarlet Letter,Nathaniel Hawthorne,Sin, Knowledge, and the Human Condition;)The Nature of Evil;)Identity and Society
The Seagull,Anton Chekhov,The Role of an Artist in Life and in Love;)Evaluating the Self;)Existentialism and Life's Meaning
The Second Sex,Simone de Beauvoir,Immanence vs. Transcendence;)Nature vs. Nurture;)Production vs. Reproduction
The Secret Garden,Frances Hodgson Burnett,The Omnipresence of magic;)The Relationship between Health and Outlook;)The Relationship between Landscape and Well-Being;)The Necessity of Human Companionship
The Secret Life of Bees,Sue Monk Kidd,The Irrationality of Racism;)The Power of Female Community;)The Importance of Storytelling
Seize the Day,Saul Bellow,The Predicament of Modern Man;)The Internal Life of a Human Being
Sentimental Education,Gustave Flaubert,The Endless Search for Love;)The Elusive Purpose of Art;)The Emptiness of High Society;)The Perceived Influence of Fate and Luck
A Separate Peace,John Knowles,The Threat of Codependency to Identity;)The Creation of Inner Enemies
Shabanu,Suzanne Fisher Staples,The Roots of Gender;)The Individual's Struggle Against Society;)The Unpredictability of Nature
Shane,Jack Schaefer,Coming of Age;)What It Means to Be a Man;)Different Kinds of Danger, Different Kinds of Fear
Shiloh,Bobbie Ann Mason,The Persistence of Grief;)The Instability of Gender Roles;)Music;)The Log Cabin;)The Dust Ruffle
The Shipping News,Annie Proulx,Social and Economic Change;)Local color / regional lifestyle;)Ancestry and family roots;)Oral history / literature;)Knots / "How-to" genre (used to introduce chapters);)Knots;)Quoyle family house
Siddhartha,Hermann Hesse,The
Search for Spiritual Enlightenment;)Inner vs. Exterior
Guidance;)The Wisdom of Indirection
Silas Marner,George Eliot,The Individual Versus the Community ;)Character as Destiny ;)The Interdependence of Faith and Community ;)The Natural World ;)Domesticity ;)Class ;)Silas’s Loom ;)Lantern Yard ;)The Hearth 
Sir Gawain and the Green Knight,,The Nature of Chivalry ;)The Letter of the Law 
The Sisterhood of the Traveling Pants,Ann Brashares,The Importance of Friendship;)The Search for Love;)The Difficulties of Growing Up
Six Characters in Search of an Author,Luigi Pirandello,The Theater of the Theater;)The Character's Reality;)The Eternal Moment;)The Author-Function;)The Act Divisions
Slaughterhouse-Five,Kurt Vonnegut,The Destructiveness of War ;)The Illusion of Free Will ;)The Importance of Sight ;)“So It Goes” ;)The Presence of the Narrator as a Character ;)The Bird Who Says “Poo-tee-weet?” ;)The Colors Blue and Ivory 
A Small Place,Jamaica Kincaid,The Ugliness of Tourism;)Admiration vs. Resentment of the Colonizer;)The Prevalence of Corruption
Snow Falling on Cedars,David Guterson,The Struggle Between Free Will and Chance;)The Cyclical Nature of Prejudice ;)The Limits of Knowledge 
Something Wicked This Way Comes,Ray Bradbury,Acceptance;)Common cause;)Age
Song of Solomon,Toni Morrison,Flight as a Means of Escape;)Abandoned Women ;)The Alienating Effects of Racism
Sonny’s Blues,James Baldwin,The Obligation toward Brotherly Love;)The Prevalence of Rage and Fury;)Imprisonment;)Salvation;)The Cup of Trembling;)Housing Projects;)Light and Darkness
Sophie's World,Jostein Gaarder,The Pursuit of Philosophy as a Means of Ordering Human Experience;)The Illusory Nature of Free Will
The Sound and the Fury,William Faulkner,The Corruption of Southern Aristocratic Values;)Resurrection and Renewal;)The Failure of Language and Narrative
Sounder,William Armstrong,The Obscuring and Dissolving of Identity;)Loss of Innocence;)Bible Stories As a Context For Real Life;)Things Left Behind
The Sovereignty and Goodness of God,Mary Rowlandson,The Blurred Line Between Civilization and Savagery;)Life Is Uncertain;)The Centrality of God’s Will;)The Fear of the New World
Spanish Tragedy,Thomas Kyd,Revenge and Justice;)Love and Memory;)Fortune;)Appearance vs. Reality
Steppenwolf,Hermann Hesse,Multiple Identities ;)The Existence of a World Beyond Time;)The Complex Nature of Laughter 
A Storm of Swords,George R. R. Martin,The Political Role of Family;)Breaking the Conventional Female Mold;)The Need for Revenge;)The Struggles of Identity;)The Importance of Honor
The Story of an Hour,Kate Chopin,The Forbidden Joy of Independence;)The Inherent Oppressiveness of Marriage;)Weeping;)Heart Trouble;)The Open Window
The Stranger,Albert Camus,The Irrationality of the Universe;)The Meaninglessness of Human Life;)The Importance of the Physical World
Stranger in a Strange Land,Robert A. Heinlein,Parallels between Mike and Jesus Christ;)The Useful Power of Institutions vs. Their Tendency Toward Corruption;)The Spiritual Importance of Sexuality
A Streetcar Named Desire,Tennessee Williams,Fantasy’s Inability to Overcome Reality ;)The Relationship between Sex and Death ;)Dependence on Men ;)Light ;)Bathing ;)Drunkenness ;)Shadows and Cries ;)The Varsouviana Polka ;)“It’s Only a Paper Moon” ;)Meat 
The Sun Also Rises,Ernest Hemingway,The Aimlessness of the Lost Generation ;)Male Insecurity ;)The Destructiveness of Sex ;)The Failure of Communication ;)Excessive Drinking ;)False Friendships ;)Bullfighting 
Super-Frog Saves Tokyo,Haruki Murakami,Virtue as Its Own Reward;)The Instability of Life;)The Underground;)Worm
Surfacing,Margaret Atwood,Language As Connection to Society;)The Total Alienation of Women
The Swimmer,John Cheever,The Inevitable Passage of Time;)The Emptiness of Suburbia;)Alcohol;)Maps and Exploration;)Swimming Pools;)Changes in Weather and Season
A Tale of Two Cities,Charles Dickens,The Ever-Present Possibility of Resurrection;)The Necessity of Sacrifice;)The Tendency Toward Violence and Oppression 
in Revolutionaries
The Taming of the Shrew,William Shakespeare,Marriage as an Economic Institution ;)The Effect of Social Roles on 
Individual Happiness 
The Tempest,William Shakespeare,The Illusion of Justice;)The Difficulty of Distinguishing 
“Men” from “Monsters”;)The Allure of Ruling a Colony
Tess of the d’Urbervilles,Thomas Hardy,The Injustice of Existence;)Changing Ideas of Social Class 
in Victorian England;)Men Dominating Women
Their Eyes Were Watching God,Zora Neale Hurston,Language: Speech and Silence;)Power and Conquest as Means to Fulfillment;)Love and Relationships versus Independence
Things Fall Apart,Chinua Achebe,The Struggle Between Change and Tradition;)Varying Interpretations of Masculinity;)Language as a Sign of Cultural Difference
The Things They Carried,Tim O’Brien,Physical and Emotional Burdens;)Fear of Shame as Motivation;)The Subjection of Truth to Storytelling
This Boy's Life,Tobias Wolff,Escapism Via Imagination;)Desire and Desperation For Self-recreation;)Promises Made, Promises Broken
Three Cups of Tea,Greg Mortenson & David Oliver Relin,Turning Hardships into Opportunities ;)Empowerment Through Education;)Overcoming Cultural Differences
Through the Looking-Glass,Lewis Carroll,Chess as Metaphor for Fate;)Language as a Means to Order the World;)The Loneliness of Growing Up
To Kill a Mockingbird,Harper Lee,The Coexistence of Good and Evil;)The Importance of Moral Education;)The Existence of Social Inequality 
To the Lighthouse,Virginia Woolf,The Transience of Life and Work ;)Art as a Means of Preservation ;)The Subjective Nature of Reality ;)The Restorative Effects of Beauty ;)The Differing Behaviors of Men and Women ;)Brackets ;)The Lighthouse ;)Lily’s Painting ;)The Ramsays’ House ;)The Sea ;)The Boar’s Skull ;)The Fruit Basket 
Tom Jones,Henry Fielding,
Virtue as action rather than thought
;)
The impossibility of stereotypical categorization
;)
The tension between Art and Artifice
;)
Food
;)
Travel
;)
The Law
;)
The Stage
;)
Sophia's muff

Tortilla Flat,John Steinbeck,The Beauty of Simple Things;)Landscape;)Spirituality
Treasure Island,Robert Louis Stevenson,The Search for Heroic Role Models ;)The Futility of Desire ;)The Lack of Adventure in the Modern Age 
A Tree Grows in Brooklyn,Betty Smith,Class and Poverty;)Education;)Gender and Sex;)Perseverance through hardship
True West,Sam Shepard,The Curse of Ancestry;)The Old West vs. the New West;)Art as a Business vs. Art as an Ideal;)The Fallibility of the American Dream
Tuesdays with Morrie,Mitch Albom,The Rejection of Popular Cultural Mores in Favor of Self-created Values;)"Love Or Perish";)Acceptance Through Detachment
The Turn of the Screw,Henry James,The Corruption
of the Innocent;)The Destructiveness
of Heroism;)Forbidden Subjects
Twelfth Night,William Shakespeare,Love as a Cause of Suffering;)The Uncertainty of Gender;)The Folly of Ambition
“Twilight of the Superheroes”,Deborah Eisenberg,The Devaluation of the American Dream;)The Loss of Innocence
The Two Towers,J. R. R. Tolkien,The Decay of Civilization;)The Value of Fellowship;)Duty
Typee,Herman Melville,The negative effect of European civilization;)The superiority of the natives;)Harsh conditions on a whaling ship
Ulysses,James Joyce,The Quest for Paternity;)The Remorse of Conscience;)Compassion as Heroic;)Parallax, or the Need for Multiple Perspectives
The Unbearable Lightness of Being,Milan Kundera,Lightness and Weight;)Politics;)Sexuality;)The body;)Bowler hat;)Suitcase;)Book
Uncle Tom’s Cabin,Harriet Beecher Stowe,The Evil of Slavery;)The Incompatibility of 
Slavery & Christian Values;)The Moral Power of Women
Uncle Vanya,Anton Chekhov,The Wasted Life;)Impossible Loves
The Unvanquished,William Faulkner,Morality and moral development;)Race
A Very Old Man with Enormous Wings,Gabriel García Márquez,The Coexistence of Cruelty and Compassion;)Prosperity;)Wings;)The Spider Woman
A View from the Bridge,Arthur Miller,Naming Names;)The irrational human animal;)Allegiance to community law
Virgin Suicides,Jeffrey Eugenides,The Horror of the Mundane;)The Superficiality of Vision;)The American Obsession with Happiness;)The Ravages of Time and the Impermanence of Memory
Volpone,Ben Jonson,Greed;)The Power of Stagecraft;)Parasitism
Walden,Henry David Thoreau,The Importance of Self-Reliance ;)The Value of Simplicity ;)The Illusion of Progress 
Walk Two Moons,Sharon Creech,The Role of Stories in Human Experience;)The Past's Intrusion into the Present;)Empathy as a Source of Understanding;)Nature as a Source of Comfort and Strength
War and Peace,Leo Tolstoy,The Irrationality of Human Motives;)The Search for the Meaning of Life;)The Limits of Leadership
Warriors Don’t Cry,Melba Patillo Beals,The Shifting of Power Through Resistance;)The Prominence of Race Relations
Watership Down,Richard Adams,Home;)Leadership;)Nature
The Waves,Virginia Woolf,The Influence of the Other on the Self;)The Desire for Order and Meaning;)The Acknowledgment of Death
What We Talk About When We Talk About Love,Raymond Carver,The Elusive Nature of Love;)The Inadequacy of Language;)Drinking;)The Sun
When Heaven and Earth Changed Places,Le Ly Hayslip,The Enemy in War Is War Itself;)The Importance of Family Bonds;)War’s Effect on Identity
When the Legends Die,Hal Borland,The Search to Define Oneself;)The Sense of Homelessness;)Resentment Toward Authority
Where Are You Going, Where Have You Been?,Joyce Carol Oates,Fantasy versus Reality;)The Search for Independence;)Dizziness;)Music;)Arnold’s Car
White Noise,Don DeLillo,The Fear of Death;)The Tension Between Reality and Artifice;)The Pervasiveness of Technology
Why I Live at the P.O.,Eudora Welty,The Irreversibility of Isolation;)The Easy Habit of Lying;)Repetition;)Denial;)The Radio;)The Post Office;)Shirley-T.
Wide Sargasso Sea,Jean Rhys,The Oppression of Slavery and Entrapment;)The Complexity of Racial Identity;)The Link Between Womanhood, Enslavement, and Madness
Winter Dreams,F. Scott Fitzgerald,The Dark Side of the American Dream;)Reality versus Idealism;)Similes;)Winter;)The Boat;)Golf Balls
Woman at Point Zero,Nawal El Saadawi,The Connection Between Surveillance and Ownership;)The Nature of Power;)The Importance of Attaining Respect
The Woman Warrior,Maxine Hong Kingston,The Role of Women in Chinese Society;)Silence and Voice;)Growing Up Chinese-American
The Women of Brewster Place,Gloria Naylor,The Search for a Home;)The Hopefulness of Migration;)The Power of Personal Connections
Wuthering Heights,Emily Brontë,The Destructiveness of a Love That Never Changes;)The Precariousness of Social Class
The Year of Magical Thinking,Joan Didion,Grief as a State of Temporary Mental Illness;)The Pathology of Grief in American Culture;)The Role of Family Relationships in Shaping Individual
Identity
A Yellow Raft in Blue Water,Michael Dorris,Understanding Different Perspectives ;)The Effect of Events on Later Generations ;)Finding a True Identity 
The Yellow Wallpaper,Charlotte Perkins Gilman,The Subordination of Women in Marriage;)The Importance of Self-Expression;)The Evils of the “Resting Cure”
Young Goodman Brown,Nathaniel Hawthorne,The Weakness of Public Morality;)The Inevitable Loss of Innocence;)The Fear of the Wilderness;)Female Purity;)The Staff;)Faith’s Pink Ribbons
